{"cameraMode":{"drawMode":0,"name":"Shaded","section":"Shading Mode"},"sceneLighting":false,"audioPlay":false,"sceneViewState":{"showFog":true,"showMaterialUpdate":false,"showSkybox":false,"showFlares":true,"showImageEffects":true,"showParticleSystems":true},"in2DMode":false,"pivot":{"x":1.727915644645691,"y":2.295360803604126,"z":0.6007624864578247},"rotation":{"x":0.0077988943085074429,"y":0.9689622521400452,"z":-0.2451571226119995,"w":0.030824430286884309},"size":12.86435604095459,"orthographic":false}